IP,NAME,DATE,BLOCKED,LIMITED_BANDWIDTH
121.11.11.10,WebShop.it,2024-06-12 13:41:07.683590,1,2000
'123.123.321.32',simair.bk,2024-06-13 12:59:00.836401,1,2000
'123.123.321.32',doctoronline.com,2024-06-13 12:59:00.836401,1,2000
'123.123.321.32',ali24,2024-06-13 12:59:00.836401,1,2000
'123.123.321.32',doctoronline.com,2024-06-13 12:59:00.836401,1,2000
'123.123.321.32',blackfriday,2024-06-13 12:59:00.836401,1,2000
'123.123.321.32',doctoronline.com,2024-06-13 12:59:00.836401,1,2000
'123.123.321.32',simair.bk,2024-06-13 12:59:00.836401,1,2000
'123.123.321.32',simair.bk,2024-06-13 12:59:00.836401,1,2000
'123.123.321.32',ali24,2024-06-13 12:59:00.836401,1,2000
'123.123.321.32',doctoronline.com,2024-06-13 12:59:00.836401,1,2000
'123.123.321.32',doctoronline.com,2024-06-13 12:59:00.836401,1,2000
'123.123.321.32',doctoronline.com,2024-06-13 12:59:00.836401,1,2000
'123.123.321.32',simair.bk,2024-06-13 12:59:00.836401,1,2000
'123.123.321.32',ali24,2024-06-13 12:59:00.836401,1,2000
'123.123.321.32',doctoronline.com,2024-06-13 12:59:00.836401,1,2000
'123.123.321.32',blackfriday,2024-06-13 12:59:00.836401,1,2000
'123.123.321.32',ali24,2024-06-13 13:11:10.739918,1,2000
'123.123.321.32',ali24,2024-06-13 13:11:10.739918,1,2000
'123.123.321.32',blackfriday,2024-06-13 13:11:10.739918,1,2000
'123.123.321.32',doctoronline.com,2024-06-13 13:11:10.739918,1,2000
'123.123.321.32',blackfriday,2024-06-13 13:11:10.739918,1,2000
'123.123.321.32',ali24,2024-06-13 13:11:10.739918,1,2000
'123.123.321.32',blackfriday,2024-06-13 13:11:10.739918,1,2000
'123.123.321.32',ali24,2024-06-13 13:11:10.739918,1,2000
'123.123.321.32',doctoronline.com,2024-06-13 13:11:10.739918,1,2000
'123.123.321.32',ali24,2024-06-13 13:11:10.739918,1,2000
'123.123.321.32',simair.bk,2024-06-13 13:11:10.739918,1,2000
'123.123.321.32',doctoronline.com,2024-06-13 13:11:10.739918,1,2000
'123.123.321.32',simair.bk,2024-06-13 13:11:10.739918,1,2000
'123.123.321.32',simair.bk,2024-06-13 13:11:10.739918,1,2000
'123.123.321.32',doctoronline.com,2024-06-13 13:11:10.739918,1,2000
'123.123.321.32',blackfriday,2024-06-13 13:11:10.739918,1,2000
'123.123.321.32',doctoronline.com,2024-06-13 13:14:16.359252,1,2000
'123.123.321.32',simair.bk,2024-06-13 13:14:16.359252,1,2000
'123.123.321.32',ali24,2024-06-13 13:14:16.359252,1,2000
'123.123.321.32',ali24,2024-06-13 13:14:16.359252,1,2000
'123.123.321.32',ali24,2024-06-13 13:14:16.359252,1,2000
'123.123.321.32',blackfriday,2024-06-13 13:14:16.359252,1,2000
'123.123.321.32',doctoronline.com,2024-06-13 13:14:16.359252,1,2000
'123.123.321.32',simair.bk,2024-06-13 13:14:16.359252,1,2000
'123.123.321.32',blackfriday,2024-06-13 13:14:16.359252,1,2000
'123.123.321.32',doctoronline.com,2024-06-13 13:14:16.359252,1,2000
'123.123.321.32',ali24,2024-06-13 13:14:16.359252,1,2000
'123.123.321.32',simair.bk,2024-06-13 13:14:16.359252,1,2000
'123.123.321.32',ali24,2024-06-13 13:14:16.359252,1,2000
'123.123.321.32',ali24,2024-06-13 13:14:16.359252,1,2000
'123.123.321.32',blackfriday,2024-06-13 13:14:16.359252,1,2000
'123.123.321.32',simair.bk,2024-06-13 13:14:16.359252,1,2000
'123.123.321.32',blackfriday,2024-06-13 18:35:12.285000,1,2000
'123.123.321.32',blackfriday,2024-06-13 18:35:12.285000,1,2000
'123.123.321.32',simair.bk,2024-06-13 18:35:12.285000,1,2000
'123.123.321.32',doctoronline.com,2024-06-13 18:35:12.285000,1,2000
'123.123.321.32',blackfriday,2024-06-13 18:35:12.285000,1,2000
'123.123.321.32',blackfriday,2024-06-13 18:35:12.285000,1,2000
'123.123.321.32',blackfriday,2024-06-13 18:35:12.285000,1,2000
'123.123.321.32',simair.bk,2024-06-13 18:35:12.285000,1,2000
'123.123.321.32',simair.bk,2024-06-13 18:35:12.285000,1,2000
'123.123.321.32',blackfriday,2024-06-13 18:35:12.285000,1,2000
'123.123.321.32',doctoronline.com,2024-06-13 18:35:12.285000,1,2000
'123.123.321.32',ali24,2024-06-13 18:35:12.285000,1,2000
'123.123.321.32',blackfriday,2024-06-13 18:35:12.285000,1,2000
'123.123.321.32',simair.bk,2024-06-13 18:35:12.285000,1,2000
'123.123.321.32',blackfriday,2024-06-13 18:35:12.285000,1,2000
'123.123.321.32',doctoronline.com,2024-06-13 18:35:12.285000,1,2000
'123.123.321.32',simair.bk,2024-06-13 18:36:17.663966,1,2000
'123.123.321.32',doctoronline.com,2024-06-13 18:36:17.663966,1,2000
'123.123.321.32',simair.bk,2024-06-13 18:36:17.663966,1,2000
'123.123.321.32',ali24,2024-06-13 18:36:17.663966,1,2000
'123.123.321.32',simair.bk,2024-06-13 18:36:17.663966,1,2000
'123.123.321.32',blackfriday,2024-06-13 18:36:17.663966,1,2000
'123.123.321.32',ali24,2024-06-13 18:36:17.663966,1,2000
'123.123.321.32',doctoronline.com,2024-06-13 18:36:17.663966,1,2000
'123.123.321.32',blackfriday,2024-06-13 18:36:17.663966,1,2000
'123.123.321.32',blackfriday,2024-06-13 18:36:17.663966,1,2000
'123.123.321.32',blackfriday,2024-06-13 18:36:17.663966,1,2000
'123.123.321.32',doctoronline.com,2024-06-13 18:36:17.663966,1,2000
'123.123.321.32',blackfriday,2024-06-13 18:36:17.663966,1,2000
'123.123.321.32',blackfriday,2024-06-13 18:36:17.663966,1,2000
'123.123.321.32',blackfriday,2024-06-13 18:36:17.663966,1,2000
'123.123.321.32',blackfriday,2024-06-13 18:36:17.663966,1,2000
'123.123.321.32',simair.bk,2024-06-13 18:40:41.538297,1,2000
'123.123.321.32',doctoronline.com,2024-06-13 18:40:41.538297,1,2000
'123.123.321.32',blackfriday,2024-06-13 18:40:41.538297,1,2000
'123.123.321.32',blackfriday,2024-06-13 18:40:41.538297,1,2000
'123.123.321.32',simair.bk,2024-06-13 18:40:41.538297,1,2000
'123.123.321.32',ali24,2024-06-13 18:40:41.538297,1,2000
'123.123.321.32',blackfriday,2024-06-13 18:40:41.538297,1,2000
'123.123.321.32',ali24,2024-06-13 18:40:41.538297,1,2000
'123.123.321.32',doctoronline.com,2024-06-13 18:40:41.538297,1,2000
'123.123.321.32',simair.bk,2024-06-13 18:40:41.538297,1,2000
'123.123.321.32',ali24,2024-06-13 18:40:41.538297,1,2000
'123.123.321.32',simair.bk,2024-06-13 18:40:41.538297,1,2000
'123.123.321.32',simair.bk,2024-06-13 18:40:41.538297,1,2000
'123.123.321.32',doctoronline.com,2024-06-13 18:40:41.538297,1,2000
'123.123.321.32',simair.bk,2024-06-13 18:40:41.538297,1,2000
'123.123.321.32',ali24,2024-06-13 18:40:41.538297,1,2000
